0.80625,0.541958041958042,0.804621848739496,0.583333333333333,0.507692307692308,0.85625,0.838888888888889,0.677083333333333,0.90625,0.590196078431373,0.742424242424242,0.95,0.970588235294118,0.714285714285714,0.618421052631579,1,0.856410256410256,0.9375,0.849264705882353,0.890350877192982,1
0.727777777777778,0.545955882352941,0.783333333333333,0.623076923076923,0.34375,0.798611111111111,0.759191176470588,0.801587301587302,0.833333333333333,0.52280701754386,0.809941520467836,0.9,0.777089783281734,0.8375,0.816666666666667,1,0.854761904761905,0.925,0.972222222222222,0.954545454545455,1
0.566964285714286,0.669642857142857,0.644117647058823,0.754385964912281,0.392857142857143,0.870833333333333,0.822916666666667,0.961538461538462,0.813888888888889,0.596153846153846,0.807416267942584,0.95,0.906818181818182,0.853618421052632,0.82843137254902,0.923295454545455,0.89769820971867,1,0.949874686716792,0.978260869565217,1
0.876050420168067,0.535714285714286,0.538461538461539,0.634615384615385,0.449519230769231,0.816666666666667,0.872368421052632,0.420833333333333,0.610416666666667,0.455882352941176,0.845098039215686,0.847426470588235,0.757142857142857,0.610859728506787,0.921130952380952,1,0.80030959752322,0.973684210526316,0.926190476190476,0.911764705882353,0.975
0.823308270676692,0.721153846153846,0.433155080213904,0.466666666666667,0.65625,0.831699346405229,0.916118421052632,0.483516483516483,0.618881118881119,0.68452380952381,0.975,0.8875,0.875,0.757918552036199,0.926767676767677,0.946778711484594,0.882352941176471,0.95,1,1,1
0.849264705882353,0.5,0.669642857142857,0.569444444444444,0.6,0.830952380952381,0.897619047619048,0.853571428571429,0.431818181818182,0.653846153846154,0.864253393665158,0.975,0.651260504201681,0.856275303643725,0.767105263157895,0.972222222222222,0.8625,1,0.978260869565217,0.979166666666667,1
0.864253393665158,0.427083333333333,0.576923076923077,0.733193277310924,0.587662337662338,0.887878787878788,0.900793650793651,0.839160839160839,0.900793650793651,0.606837606837607,0.939338235294118,0.946778711484594,0.944444444444444,0.868421052631579,0.973684210526316,0.972222222222222,0.90625,0.972222222222222,1,1,1
0.652380952380952,0.544117647058824,0.531135531135531,0.573529411764706,0.592105263157895,0.921052631578947,0.896825396825397,0.668067226890756,0.721153846153846,0.67032967032967,0.947368421052632,0.877777777777778,0.738888888888889,0.875,0.976190476190476,0.88562091503268,0.908730158730159,0.972222222222222,1,1,1
0.9375,0.541666666666667,0.766826923076923,0.65952380952381,0.8125,0.882352941176471,0.839181286549708,0.841176470588235,0.908088235294118,0.935416666666667,0.977272727272727,0.925,0.84412955465587,1,1,1,1,0.978260869565217,1,1,1
0.838095238095238,0.736607142857143,0.583710407239819,0.497737556561086,0.431372549019608,0.891640866873065,0.817105263157895,0.905982905982906,0.809090909090909,0.511111111111111,0.884615384615385,0.853571428571429,0.90625,0.736842105263158,0.972222222222222,0.919437340153453,0.9,1,0.888544891640867,1,1
0.784615384615385,0.516483516483516,0.708333333333333,0.522727272727273,0.733333333333333,0.875,0.895588235294118,0.684640522875817,0.772727272727273,0.622171945701357,0.945588235294118,0.922222222222222,0.832706766917293,0.883333333333333,0.909090909090909,0.916666666666667,0.973684210526316,1,0.977272727272727,0.95,1
0.5,0.708333333333333,0.704861111111111,0.684615384615385,0.521390374331551,0.876050420168067,0.771241830065359,0.772875816993464,0.785714285714286,0.709090909090909,0.885416666666667,0.818014705882353,0.875,0.797619047619048,0.833333333333333,0.947368421052632,0.928571428571429,0.96875,0.909090909090909,0.923295454545455,0.975
0.952380952380952,0.767361111111111,0.446153846153846,0.529411764705882,0.522727272727273,0.871212121212121,1,0.64375,0.361111111111111,0.65952380952381,0.940350877192982,0.947222222222222,0.596256684491979,0.455882352941176,0.873684210526316,0.972222222222222,0.766233766233766,0.902714932126697,0.952380952380952,0.96875,1
0.733333333333333,0.629464285714286,0.633333333333333,0.629464285714286,0.541025641025641,0.669230769230769,0.688259109311741,0.51797385620915,0.70625,0.875,0.85952380952381,0.859133126934984,0.827731092436975,0.661111111111111,0.891640866873065,0.947368421052632,0.783625730994152,0.928571428571429,0.956521739130435,1,0.979166666666667
0.678571428571429,0.78125,0.258169934640523,0.761029411764706,0.799107142857143,0.811764705882353,0.947368421052632,0.503508771929825,0.736263736263736,0.891812865497076,0.970588235294118,0.914860681114551,0.925,0.970588235294118,0.966666666666667,0.976190476190476,0.927272727272727,1,0.977272727272727,1,1
0.803571428571429,0.618881118881119,0.6,0.705357142857143,0.803571428571429,0.801587301587302,0.790865384615385,0.642857142857143,0.577777777777778,0.900793650793651,0.88562091503268,0.821212121212121,0.802287581699346,0.938888888888889,0.978260869565217,0.973684210526316,0.921052631578947,0.95,1,0.91812865497076,1
0.726102941176471,0.486842105263158,0.494047619047619,0.602941176470588,0.853174603174603,0.829326923076923,0.882591093117409,0.615546218487395,0.447619047619048,0.775,0.911764705882353,0.857142857142857,0.573529411764706,0.837719298245614,0.973684210526316,0.710714285714286,0.859133126934984,0.944444444444444,0.978260869565217,0.914855072463768,0.956521739130435
0.816666666666667,0.653846153846154,0.59375,0.689903846153846,0.615151515151515,0.970588235294118,0.887719298245614,0.503246753246753,0.75,0.555555555555556,0.975,0.794736842105263,0.566666666666667,0.805668016194332,0.875959079283887,0.928921568627451,0.901785714285714,1,1,0.976190476190476,1
0.659090909090909,0.728365384615385,0.575091575091575,0.7125,0.701754385964912,0.773993808049536,0.860576923076923,0.9,0.794444444444445,0.927380952380952,0.928571428571429,0.898684210526316,0.941666666666667,0.914860681114551,1,0.946778711484594,0.966666666666667,1,0.976190476190476,1,1
0.641666666666667,0.634210526315789,0.723076923076923,0.728365384615385,0.398190045248869,0.837301587301587,0.622171945701357,0.68984962406015,0.9,0.709821428571429,0.660714285714286,0.676470588235294,0.875,0.753968253968254,0.91812865497076,0.890350877192982,0.814338235294118,0.976190476190476,0.970588235294118,0.894736842105263,1
0.732692307692308,0.630769230769231,0.656862745098039,0.583333333333333,0.6125,0.851282051282051,0.909722222222222,0.8,0.566964285714286,0.674358974358974,0.966666666666667,0.947368421052632,0.642857142857143,0.848076923076923,0.914860681114551,0.953463203463203,0.883333333333333,0.938888888888889,1,0.973684210526316,1
0.794117647058823,0.571428571428571,0.535714285714286,0.686274509803922,0.730769230769231,0.573529411764706,0.975,0.767094017094017,0.625,0.800653594771242,1,0.891812865497076,0.724458204334365,0.803571428571429,0.913194444444444,0.92296918767507,0.899509803921569,0.947368421052632,1,0.954451345755694,1
0.922368421052632,0.646153846153846,0.5125,0.535294117647059,0.564393939393939,0.774725274725275,0.958260869565217,0.8625,0.65952380952381,0.584615384615385,0.897619047619048,0.954545454545455,0.928921568627451,0.793706293706294,0.863636363636364,1,0.945906432748538,0.970588235294118,1,0.978260869565217,1
0.853174603174603,0.711805555555556,0.436904761904762,0.794117647058824,0.67948717948718,0.844444444444444,0.819607843137255,0.588095238095238,0.741666666666667,0.916666666666667,0.851449275362319,0.861904761904762,0.755514705882353,0.739583333333333,0.951945080091533,0.881521739130435,0.794117647058823,0.877380952380952,0.883333333333333,0.975,1
0.653846153846154,0.566666666666667,0.516666666666667,0.788888888888889,0.6875,0.8,0.973684210526316,0.666666666666667,0.854166666666667,0.876050420168067,0.916666666666667,1,0.947222222222222,0.811011904761905,0.972222222222222,0.979166666666667,0.916666666666667,0.976190476190476,0.956521739130435,1,1
0.753676470588235,0.782352941176471,0.697115384615385,0.76875,0.708333333333333,0.781512605042017,0.756410256410256,0.871212121212121,0.754761904761905,0.856209150326797,0.897321428571429,0.823529411764706,0.80952380952381,0.880514705882353,0.9125,0.970588235294118,0.921052631578947,1,1,1,1
0.841666666666667,0.54040404040404,0.785714285714286,0.964285714285714,0.537433155080214,0.891640866873065,0.677083333333333,0.823076923076923,0.944444444444444,0.814035087719298,0.876838235294118,0.909090909090909,0.868421052631579,0.866071428571429,1,1,0.919437340153453,1,0.934782608695652,1,1
0.961538461538462,0.613095238095238,0.742424242424242,0.64027149321267,0.622222222222222,0.805952380952381,0.914035087719298,0.80952380952381,0.74375,0.815789473684211,0.95,0.930205949656751,0.800653594771242,0.826190476190476,0.972222222222222,1,0.972222222222222,1,1,1,1
0.801282051282051,0.534615384615385,0.69047619047619,0.645833333333333,0.666666666666667,0.794871794871795,0.928571428571429,0.741071428571429,0.741666666666667,0.715686274509804,0.86140350877193,0.854545454545454,0.783333333333333,0.677083333333333,0.833333333333333,0.975,0.915032679738562,0.944444444444444,0.951190476190476,0.977272727272727,1
0.752941176470588,0.921052631578947,0.761278195488722,0.361111111111111,0.491776315789474,0.803405572755418,0.884090909090909,0.949874686716792,0.80625,0.558441558441558,0.8582995951417,0.976190476190476,0.908088235294118,0.452153110047847,0.67843137254902,0.973684210526316,0.947368421052632,0.818421052631579,0.941176470588235,1,1
0.7,0.816176470588235,0.714285714285714,0.442857142857143,0.547619047619048,0.939338235294118,0.923684210526316,0.792857142857143,0.5625,0.675,0.891666666666667,0.9375,0.861111111111111,0.709821428571429,0.931818181818182,0.944444444444444,0.894736842105263,0.952850877192982,0.931818181818182,1,0.979166666666667
0.9375,0.383333333333333,0.644230769230769,0.717857142857143,0.683333333333333,0.804166666666667,0.638888888888889,0.590277777777778,0.775,0.889802631578947,0.94375,0.641544117647059,0.754385964912281,0.954545454545455,0.951190476190476,0.875,0.846052631578947,0.95,0.975,0.978260869565217,1
0.891666666666667,0.544117647058824,0.791666666666667,0.385416666666667,0.675,0.583333333333333,0.861111111111111,0.822916666666667,0.878676470588235,0.644736842105263,0.861904761904762,0.927380952380952,0.81547619047619,0.924641148325359,0.889285714285714,0.978260869565217,0.90537084398977,0.975,0.978260869565217,0.956521739130435,0.979166666666667
0.81140350877193,0.579831932773109,0.671328671328671,0.484162895927602,0.862229102167183,0.83625730994152,1,0.799107142857143,0.665178571428571,0.857352941176471,0.884199134199134,0.937254901960784,0.781512605042017,0.84375,0.875,0.828571428571429,0.952380952380952,0.975,0.973684210526316,1,1
0.403846153846154,0.773993808049536,0.742105263157895,0.754545454545455,0.75,0.688888888888889,0.823809523809524,0.90625,0.897321428571429,0.875,0.784090909090909,0.95,0.970588235294118,0.919590643274854,0.875,0.977272727272727,1,0.973684210526316,1,1,0.979166666666667
0.633333333333333,0.427601809954751,0.833333333333333,0.69047619047619,0.441666666666667,0.888888888888889,0.649797570850202,0.839583333333333,0.972222222222222,0.822115384615385,0.688854489164087,0.741666666666667,0.911764705882353,0.911764705882353,0.744582043343653,0.948684210526316,0.95,0.977272727272727,0.9,0.880701754385965,0.976190476190476
0.727678571428571,0.708333333333333,0.339285714285714,0.410714285714286,0.634920634920635,0.707843137254902,0.86140350877193,0.670634920634921,0.398496240601504,0.645833333333333,0.74375,0.757142857142857,0.767857142857143,0.6875,0.869444444444444,0.913194444444444,0.799107142857143,0.864035087719298,1,0.861363636363636,0.93452380952381
0.484126984126984,0.458333333333333,0.919871794871795,0.570723684210526,0.720779220779221,0.935416666666667,0.833333333333333,0.884615384615385,0.695454545454546,0.807692307692308,0.947368421052632,0.884868421052632,0.872222222222222,0.928571428571429,1,0.933333333333333,1,1,1,1,1
0.513736263736264,0.564102564102564,0.816666666666667,0.834841628959276,0.582386363636364,0.945906432748538,0.533333333333333,0.769736842105263,0.798611111111111,0.725,0.918831168831169,0.703296703296703,0.788602941176471,0.939338235294118,0.950956937799043,0.805555555555556,0.940350877192982,0.976190476190476,0.882352941176471,0.977272727272727,0.976190476190476
0.818181818181818,0.607142857142857,0.678571428571429,0.598214285714286,0.761904761904762,0.79375,0.829326923076923,0.766666666666667,0.759615384615385,0.596153846153846,0.772916666666667,1,0.753968253968254,0.937254901960784,0.857638888888889,1,0.82843137254902,0.906818181818182,0.955357142857143,0.876190476190476,1
0.5,0.84375,0.8,0.431818181818182,0.732142857142857,0.804029304029304,0.845098039215686,0.928571428571429,0.891666666666667,0.786764705882353,0.81390977443609,0.854575163398693,0.947368421052632,0.794117647058824,0.922368421052632,0.976190476190476,1,1,0.966666666666667,0.955533596837945,1
0.726890756302521,0.826388888888889,0.588095238095238,0.685714285714286,0.667582417582418,0.830065359477124,0.892857142857143,0.900793650793651,0.554761904761905,0.759523809523809,0.815656565656566,1,0.732142857142857,0.788888888888889,0.858552631578947,0.951190476190476,0.911764705882353,0.916666666666667,1,0.975,1
0.709090909090909,0.494047619047619,0.709150326797386,0.516666666666667,0.786931818181818,0.966666666666667,0.80625,0.866666666666667,0.661931818181818,0.805555555555556,0.934782608695652,0.970588235294118,0.822368421052632,0.861111111111111,0.928571428571429,0.952380952380952,0.872222222222222,1,0.977272727272727,1,1
0.634191176470588,0.745798319327731,0.787878787878788,0.674358974358974,0.811111111111111,0.9375,0.91812865497076,1,0.751282051282051,0.785714285714286,0.897368421052632,0.976190476190476,0.887254901960784,0.961538461538462,0.887163561076605,1,0.975,0.977272727272727,1,1,1
0.816666666666667,0.705555555555556,0.651442307692308,0.544117647058824,0.544444444444445,0.561904761904762,0.916666666666667,0.588095238095238,0.660633484162896,0.525641025641026,0.820855614973262,0.911184210526316,0.879679144385027,0.761111111111111,0.908088235294118,0.919590643274854,0.76890756302521,0.948412698412698,0.854761904761905,0.949754901960784,0.976190476190476
0.641025641025641,0.826190476190476,0.726102941176471,0.682692307692308,0.855555555555556,0.873015873015873,0.911764705882353,0.944444444444444,0.746031746031746,0.762626262626263,0.977272727272727,0.972222222222222,0.944940476190476,0.939338235294118,0.979166666666667,0.975,0.972222222222222,0.979166666666667,0.977272727272727,1,1
0.838888888888889,0.522727272727273,0.584615384615385,0.525641025641026,0.884615384615385,0.633333333333333,0.966666666666667,0.766025641025641,0.698412698412698,0.818014705882353,0.814035087719298,0.885416666666667,0.944444444444444,0.805921052631579,0.881944444444444,0.978260869565217,0.946022727272727,0.888544891640867,0.977272727272727,0.973684210526316,1
0.764705882352941,0.707692307692308,0.787878787878788,0.752941176470588,0.45,0.641025641025641,0.907843137254902,0.8328173374613,0.870833333333333,0.883333333333333,0.842857142857143,0.944444444444444,0.976190476190476,0.860576923076923,0.80625,1,1,1,1,1,1
0.666666666666667,0.638888888888889,0.736111111111111,0.410526315789474,0.416666666666667,0.823529411764706,0.804166666666667,0.836538461538462,0.677083333333333,0.513574660633484,0.9125,0.891176470588235,0.79144385026738,0.737556561085973,0.925,1,0.911654135338346,0.91812865497076,1,0.979166666666667,1
0.817105263157895,0.464102564102564,0.475274725274725,0.7375,0.786764705882353,0.67948717948718,0.791666666666667,0.708333333333333,0.711538461538462,1,0.921052631578947,0.833333333333333,0.717948717948718,0.916666666666667,0.916118421052632,0.891666666666667,0.921052631578947,0.972222222222222,0.954545454545455,1,1
0.674358974358974,0.673611111111111,0.598039215686274,0.567226890756303,0.665584415584416,0.766666666666667,0.954545454545455,0.808333333333333,0.513725490196078,0.678571428571429,0.972222222222222,0.854575163398693,0.878472222222222,0.792857142857143,0.975,1,0.895299145299145,0.914860681114551,0.977272727272727,0.977272727272727,1
0.745798319327731,0.705882352941176,0.736607142857143,0.792857142857143,0.666666666666667,0.849624060150376,0.92296918767507,0.763636363636364,0.708333333333333,0.817460317460317,0.920588235294118,0.898989898989899,0.823308270676692,0.947010869565217,1,1,0.977272727272727,0.976190476190476,0.958333333333333,1,1
0.625,0.602941176470588,0.691666666666667,0.512987012987013,0.78974358974359,0.944272445820433,0.880514705882353,0.483333333333333,0.671428571428571,0.686974789915966,0.888544891640867,0.71875,0.807692307692308,0.785087719298246,0.916666666666667,0.944272445820433,0.833333333333333,0.947222222222222,0.976190476190476,0.923684210526316,0.977272727272727
0.714285714285714,0.647435897435897,0.728070175438597,0.515151515151515,0.575438596491228,0.717948717948718,0.828070175438597,0.606060606060606,0.720779220779221,0.882352941176471,0.942434210526316,0.942434210526316,0.909090909090909,0.777511961722488,0.925629290617849,0.9,0.835913312693498,1,1,0.977272727272727,1
0.698412698412698,0.719607843137255,0.497435897435897,0.452380952380952,0.700854700854701,0.941176470588235,0.853174603174603,0.784188034188034,0.68974358974359,0.861111111111111,0.896825396825397,0.916666666666667,0.95,0.828205128205128,0.970588235294118,0.925,1,0.976190476190476,1,0.979166666666667,1
0.805555555555556,0.694444444444444,0.641025641025641,0.784926470588235,0.741830065359477,0.767857142857143,0.752941176470588,0.647916666666667,0.766666666666667,0.726973684210526,0.868421052631579,0.923558897243108,0.902714932126697,0.904761904761905,0.95,0.924641148325359,0.941176470588235,0.878571428571429,0.978260869565217,1,1
0.616666666666667,0.698142414860681,0.435294117647059,0.609243697478992,0.7,0.708333333333333,0.94281045751634,0.84375,0.887362637362637,0.809597523219814,0.884615384615385,0.893557422969188,0.940972222222222,0.876838235294118,0.908730158730159,0.977272727272727,0.906521739130435,0.975,0.977272727272727,1,0.979166666666667
0.880514705882353,0.730113636363636,0.608333333333333,0.641025641025641,0.612820512820513,0.660633484162896,0.956521739130435,0.727941176470588,0.605555555555556,0.724431818181818,0.847368421052632,0.925,0.822368421052632,0.752941176470588,0.871212121212121,0.976190476190476,0.788602941176471,0.975,0.973684210526316,0.925,1
0.547916666666667,0.700404858299595,0.633333333333333,0.621428571428571,0.430769230769231,0.833333333333333,0.7125,0.686974789915966,0.84375,0.755555555555556,0.871052631578947,0.792105263157895,0.849624060150376,0.854575163398693,0.836111111111111,0.907017543859649,0.83625730994152,0.972222222222222,0.880514705882353,0.947368421052632,1
0.905555555555556,0.485416666666667,0.702429149797571,0.710084033613445,0.702797202797203,0.795238095238095,0.933035714285714,0.607142857142857,0.797619047619048,0.784688995215311,0.790476190476191,0.964285714285714,0.782352941176471,0.872368421052632,0.972222222222222,0.925629290617849,0.788011695906433,0.935222672064777,1,0.958333333333333,1
0.755514705882353,0.385416666666667,0.708144796380091,0.732057416267943,0.613247863247863,0.800653594771242,0.609022556390977,0.514583333333333,0.903571428571428,0.694117647058824,0.764705882352941,0.883333333333333,0.845238095238095,0.836764705882353,0.954451345755694,0.975,0.928260869565217,0.977272727272727,1,0.979166666666667,1
0.6,0.686274509803922,0.625,0.762605042016807,0.71031746031746,0.783333333333333,0.792207792207792,0.59375,0.911764705882353,0.970588235294118,0.923076923076923,0.915032679738562,0.909722222222222,0.928571428571429,0.919444444444444,0.911764705882353,1,1,1,0.979166666666667,0.979166666666667
0.90625,0.675213675213675,0.657142857142857,0.667582417582418,0.748251748251748,0.845588235294118,0.925271739130435,0.579487179487179,0.825,0.826388888888889,0.938811188811189,0.921052631578947,0.818014705882353,0.819736842105263,1,1,0.939338235294118,1,0.957427536231884,0.977272727272727,1
0.83974358974359,0.792857142857143,0.339285714285714,0.591666666666667,0.775401069518717,0.704326923076923,0.949874686716792,0.966666666666667,0.571428571428571,0.798076923076923,0.890350877192982,0.972222222222222,0.844444444444444,0.834841628959276,0.973684210526316,0.937254901960784,0.958333333333333,0.938811188811189,1,0.976190476190476,1
0.736842105263158,0.64027149321267,0.55,0.539473684210526,0.80625,0.605769230769231,0.916666666666667,0.825757575757576,0.5625,0.693181818181818,0.811011904761905,0.977272727272727,0.705882352941177,0.866071428571429,0.840643274853801,0.952380952380952,0.95,0.916666666666667,1,0.975,0.979166666666667
0.852380952380952,0.383333333333333,0.535714285714286,0.574229691876751,0.723529411764706,0.78125,0.877840909090909,0.593984962406015,0.58125,0.775,0.880514705882353,0.907017543859649,0.78125,0.763157894736842,0.902255639097744,1,0.870535714285714,0.975,0.975,0.933333333333333,0.978260869565217
0.921052631578947,0.554761904761905,0.606060606060606,0.606060606060606,0.566666666666667,0.668730650154799,0.708333333333333,0.564903846153846,0.577922077922078,0.763157894736842,0.757309941520468,0.852941176470588,0.686274509803922,0.889802631578947,0.755952380952381,0.842105263157895,0.759191176470588,1,1,0.840336134453781,1
0.625,0.59375,0.633928571428571,0.5,0.529411764705882,0.686274509803922,0.921212121212121,0.504464285714286,0.512820512820513,0.766666666666667,0.827380952380952,0.842424242424243,0.527310924369748,0.732352941176471,0.767857142857143,0.841176470588235,0.69047619047619,0.857142857142857,0.954545454545455,0.830143540669857,0.9375
0.742105263157895,0.786764705882353,0.745989304812834,0.5125,0.5625,0.883333333333333,0.902255639097744,0.853174603174603,0.774305555555556,0.633333333333333,0.827302631578947,0.977272727272727,0.928571428571429,0.741666666666667,0.908088235294118,0.978260869565217,0.96875,1,1,0.977272727272727,1
0.55,0.747252747252747,0.639393939393939,0.577205882352941,0.540849673202614,0.755847953216374,0.783333333333333,0.733333333333333,0.794117647058824,0.777472527472527,0.662538699690402,0.905555555555556,0.878205128205128,0.675438596491228,0.877777777777778,0.946778711484594,0.902255639097744,0.84593837535014,0.956521739130435,0.976190476190476,0.956521739130435
0.878472222222222,0.513574660633484,0.75,0.599673202614379,0.594736842105263,0.777472527472527,0.688259109311741,0.594117647058824,0.883333333333333,0.817226890756303,0.777777777777778,0.855113636363636,0.815789473684211,0.846052631578947,0.975,0.926767676767677,0.926190476190476,0.930735930735931,1,0.98,0.978260869565217
0.538461538461538,0.534965034965035,0.685855263157895,0.664835164835165,0.80952380952381,0.784848484848485,0.900793650793651,0.892857142857143,0.714285714285714,0.851282051282051,0.933035714285714,0.928205128205128,0.769736842105263,0.706766917293233,0.76797385620915,0.908088235294118,0.857843137254902,0.972222222222222,0.853571428571429,0.924641148325359,1
0.870535714285714,0.480769230769231,0.543650793650794,0.75,0.801948051948052,0.970588235294118,0.652777777777778,0.571428571428571,0.745798319327731,0.90625,0.95,0.84375,0.766666666666667,0.921052631578947,0.925,0.84375,0.911764705882353,0.951945080091533,0.926065162907268,1,1
0.752941176470588,0.674358974358974,0.494047619047619,0.46875,0.878205128205128,0.694444444444444,0.842261904761905,0.65546218487395,0.522556390977444,0.781512605042017,0.925,0.880514705882353,0.64375,0.944940476190476,0.95,0.844736842105263,0.919444444444444,0.949874686716792,1,1,1
0.944444444444444,0.575657894736842,0.613095238095238,0.712820512820513,0.607692307692308,0.637019230769231,0.875,0.676900584795322,0.71875,0.803921568627451,0.865325077399381,0.925,0.814035087719298,0.917956656346749,0.888888888888889,0.96875,0.970588235294118,0.944272445820433,1,0.975,1
0.805668016194332,0.463068181818182,0.674922600619195,0.294444444444444,0.685064935064935,0.673611111111111,0.794117647058824,0.733193277310924,0.409722222222222,0.694736842105263,1,1,0.58125,0.84375,0.855203619909502,0.941176470588235,0.975,0.941666666666667,0.978260869565217,0.972222222222222,1
0.865497076023392,0.75,0.453846153846154,0.494047619047619,0.666666666666667,0.673611111111111,0.902272727272727,0.96875,0.678571428571429,0.666666666666667,0.766176470588235,0.972222222222222,0.899038461538462,0.775210084033613,0.861111111111111,0.925629290617849,0.908333333333333,0.966666666666667,0.952380952380952,1,1
0.680555555555556,0.779166666666667,0.538961038961039,0.760416666666667,0.494047619047619,0.752525252525253,0.841269841269841,0.891826923076923,0.9,0.864253393665158,0.658653846153846,0.976190476190476,0.952222222222222,0.928571428571429,0.941176470588235,0.977272727272727,0.904761904761905,0.920588235294118,0.975,1,1
0.827777777777778,0.702380952380952,0.46875,0.55672268907563,0.698142414860681,0.738866396761134,0.977272727272727,0.727777777777778,0.706043956043956,0.66875,0.911764705882353,0.950956937799043,0.8125,0.554179566563467,0.880701754385965,0.902255639097744,0.859307359307359,0.973684210526316,0.930735930735931,0.839181286549708,0.977272727272727
0.707692307692308,0.515789473684211,0.47737556561086,0.488888888888889,0.618055555555556,0.873684210526316,0.827302631578947,0.722689075630252,0.728571428571429,0.680555555555556,0.816526610644258,0.778280542986425,0.792279411764706,0.787330316742081,0.879761904761905,0.907017543859649,0.833333333333333,0.911764705882353,0.908333333333333,1,0.948849104859335
0.856410256410256,0.552036199095023,0.713636363636364,0.619047619047619,0.392857142857143,0.715686274509804,0.776018099547511,0.8,0.875757575757576,0.71875,0.777083333333333,0.880514705882353,0.86875,0.917366946778711,0.869747899159664,0.920588235294118,0.9375,0.849264705882353,0.947368421052632,1,0.979166666666667
0.911111111111111,0.588942307692308,0.658333333333333,0.635897435897436,0.307692307692308,0.845588235294118,0.883631713554987,0.9375,0.832480818414322,0.583333333333333,0.775,1,0.952272727272727,0.729779411764706,0.815686274509804,0.956521739130435,0.855952380952381,0.941176470588235,1,1,1
0.547916666666667,0.700404858299595,0.633333333333333,0.621428571428571,0.430769230769231,0.833333333333333,0.7125,0.686974789915966,0.84375,0.755555555555556,0.871052631578947,0.792105263157895,0.849624060150376,0.854575163398693,0.836111111111111,0.907017543859649,0.83625730994152,0.972222222222222,0.880514705882353,0.947368421052632,1
0.817226890756303,0.66078431372549,0.431818181818182,0.545248868778281,0.543137254901961,0.848684210526316,0.819607843137255,0.705555555555556,0.644117647058823,0.754385964912281,0.842424242424243,0.871052631578947,0.772222222222222,0.671328671328671,0.86140350877193,0.952272727272727,0.715789473684211,0.843582887700535,0.880952380952381,0.918831168831169,0.976190476190476
0.920634920634921,0.727941176470588,0.590196078431373,0.549122807017544,0.471491228070175,0.863486842105263,0.952380952380952,0.716666666666667,0.652380952380952,0.761278195488722,0.862229102167183,0.949874686716792,0.635714285714286,0.730519480519481,1,1,0.79375,0.976190476190476,0.956521739130435,1,1
0.878472222222222,0.846153846153846,0.350980392156863,0.6,0.7,0.768421052631579,0.878571428571429,0.673611111111111,0.427777777777778,0.706349206349206,0.875,0.851102941176471,0.721362229102167,0.741176470588235,0.925,0.975,0.845588235294118,0.970588235294118,1,0.930735930735931,1
0.753030303030303,0.808333333333333,0.745798319327731,0.629824561403509,0.608455882352941,0.876838235294118,0.652941176470588,0.680672268907563,0.835416666666667,0.913398692810457,1,0.857843137254902,0.788602941176471,0.945906432748538,0.953260869565217,1,0.954545454545455,1,1,1,1
0.769736842105263,0.735294117647059,0.677083333333333,0.6,0.526442307692308,0.769736842105263,0.825757575757576,0.727777777777778,0.542857142857143,0.684027777777778,0.933333333333333,0.978260869565217,0.81969696969697,0.75,0.902255639097744,0.940350877192982,0.75,0.951190476190476,0.894736842105263,1,0.98
0.761904761904762,0.5,0.607142857142857,0.535714285714286,0.779352226720648,0.728571428571429,0.894736842105263,0.625,0.823076923076923,0.786274509803922,0.920588235294118,0.92822966507177,0.942434210526316,0.881944444444444,0.923684210526316,0.891666666666667,0.975,0.95,1,0.954545454545455,1
0.840336134453781,0.738095238095238,0.564705882352941,0.613247863247863,0.769230769230769,0.836538461538462,1,0.753869969040248,0.641025641025641,0.90625,0.932017543859649,0.970588235294118,0.771241830065359,0.75,0.90546218487395,0.933333333333333,0.95,0.911764705882353,1,0.952380952380952,1
0.688259109311741,0.461538461538462,0.599206349206349,0.778571428571428,0.832167832167832,0.847426470588235,0.845098039215686,0.811111111111111,0.696428571428571,0.8125,0.977272727272727,0.882352941176471,0.894871794871795,0.852941176470588,0.952380952380952,0.890350877192982,0.945906432748538,0.978260869565217,0.978260869565217,1,1
0.875,0.571428571428571,0.76010101010101,0.680555555555556,0.777777777777778,0.719607843137255,0.842105263157895,0.69375,0.53125,0.691666666666667,0.861904761904762,0.823684210526316,0.815972222222222,0.92296918767507,1,0.975,0.891666666666667,0.891304347826087,1,1,1
0.671052631578947,0.674089068825911,0.53921568627451,0.570261437908497,0.726190476190476,0.816176470588235,0.883986928104575,0.889802631578947,0.565789473684211,0.764705882352941,1,0.952380952380952,0.861607142857143,0.867788461538462,0.802941176470588,0.941176470588235,0.891176470588235,0.915760869565217,0.978260869565217,0.956521739130435,1
0.633333333333333,0.781512605042017,0.524064171122995,0.798319327731092,0.5625,0.714285714285714,0.833333333333333,0.672222222222222,0.67948717948718,0.784926470588235,0.897368421052632,0.859133126934984,0.870535714285714,0.706043956043956,0.976190476190476,0.881818181818182,0.903921568627451,0.976190476190476,0.973684210526316,1,1
0.716666666666667,0.8125,0.683333333333333,0.568181818181818,0.717105263157895,0.662538699690402,0.941176470588235,0.866666666666667,0.69047619047619,0.947368421052632,0.88125,0.975,0.941176470588235,0.749019607843137,0.975,0.973684210526316,0.925,0.944444444444444,1,1,1
0.618421052631579,0.700892857142857,0.372549019607843,0.790196078431373,0.583333333333333,0.694444444444444,0.79375,0.596014492753623,0.673529411764706,0.766666666666667,0.617647058823529,0.822916666666667,0.787719298245614,0.6875,0.877777777777778,0.885448916408669,0.864285714285714,0.853174603174603,0.794117647058824,0.815789473684211,0.877380952380952
0.9,0.513736263736264,0.28125,0.837662337662338,0.834821428571429,0.761904761904762,0.893665158371041,0.282051282051282,0.572874493927126,0.975,1,0.787330316742081,0.474358974358974,0.888544891640867,0.972222222222222,0.850694444444444,0.93796992481203,1,0.973684210526316,1,1
0.802083333333333,0.579831932773109,0.4,0.545787545787546,0.638888888888889,0.701754385964912,0.866071428571429,0.788602941176471,0.777083333333333,0.841666666666667,0.868055555555556,0.952380952380952,0.816666666666667,0.783333333333333,0.857352941176471,0.931818181818182,0.800395256916996,0.850649350649351,0.95,0.973684210526316,0.916666666666667
0.888888888888889,0.65625,0.608333333333333,0.539473684210526,0.516666666666667,0.557692307692308,1,0.796428571428571,0.563157894736842,0.641025641025641,0.766666666666667,0.954545454545455,0.8125,0.742424242424242,0.764705882352941,1,0.831699346405229,0.880952380952381,1,1,0.978260869565217
0.908730158730159,0.78974358974359,0.420512820512821,0.71031746031746,0.524064171122995,0.916666666666667,1,0.738636363636364,0.653846153846154,0.664705882352941,0.90625,0.947368421052632,0.823809523809524,0.734962406015038,0.947368421052632,0.972222222222222,0.849624060150376,0.9375,0.954451345755694,1,1
